obsid,norad
1157463832,38326
1157463832,40018
1157463832,40078
1157463232,35901
1157463232,30146
1157463232,37637
1157463232,14506
1157463232,728
1157463232,25993
1157462632,20453
1157462632,29957
1157462632,14357
1157462032,12674
1157462032,2799
1157462032,35383
1157461432,4161
1157461432,36528
1157461432,39921
1157461432,22451
1157461432,33785
1157460832,37570
1157460832,25403
1157460832,2789
1157459632,35271
1157459632,31710
1157459632,36057
1157459032,12746
1157459032,31821
1157459032,36467
1157459032,37001
1157459032,18904
1157459032,28931
1157459032,2418
1157459032,2386
1157459032,22284
1157459032,30263
1157459032,205
1157459032,34966
1157458432,4071
1157458432,30209
1157458432,30555
1157457832,28429
1157457832,20876
1157457832,13053
1157457832,27482
1157457832,40494
1157457232,40088
1157457232,29921
1157457232,39984
1157457232,31813
1157457232,15378
1157457232,29820
1157457232,33798
1157457232,26123
1157457232,30021
1157457232,38997
1157457232,30922
1157456632,35613
1157456632,3611
1157456632,1680
1157456632,1680
1157456632,30234
1157456032,29779
1157456032,35951
1157456032,37975
1157456032,329
1157456032,10252
1157456032,29932
1157455432,29911
1157455432,30843
1157455432,10577
1157455432,30728
1157455432,40314
1157455432,39640
1157454832,6660
1157454832,34214
1157454832,28321
1157454832,15495
1157454832,34963
1157454232,40495
1157454232,38283
1157454232,31235
1157454232,35898
1157453632,39210
1157453632,16203
1157453632,18416
1157453032,6155
1157453032,37781
1157453032,39209
